Name,Address,Web Site,Number,Image
Amhurst Hotel,"45 Amhurst Park, London, N16 5DL",amhursthotel.co.uk,020 3597 3113 ,"https://c.yell.com/t_bigSquare,f_auto/792afeb9-b97c-46a9-b5a9-26c10f42adc7_image_jpeg.jpg"
Aron Guest House Ltd,"27 South Ealing Rd, London, W5 4QT",aronguesthouse.co.uk,07947 127778 ,"https://c.yell.com/t_bigRect,f_auto/198e04cd-2a8f-4ea1-aae9-a0307b6cdd71_image_jpeg.jpg"
Amhurst Hotel,"45 Amhurst Park, London, N16 5DL",amhursthotel.co.uk,020 7101 2135 ,"https://c.yell.com/t_bigSquare,f_auto/792afeb9-b97c-46a9-b5a9-26c10f42adc7_image_jpeg.jpg"
Snoozebox Holdings plc,"60 Trafalgar Square, London, WC2N 5DS",snoozebox.com,03450 920174 ,"https://c.yell.com/t_bigSquare,f_auto/53b92708-9632-473b-b1f8-8a7557e303c3_image_jpeg.jpg"
St Martin's Lane Hotel London,"45 St. Martin's Lane, London, WC2N 4HX",sbe.com,020 7300 5500 ,https://c.yell.com//searchfe/yframe/yelldotcom/default/_yframe/min/images/yell-dummy.png
ME London,"336-337 Strand, London, WC2R 1HA",mebymelia.com,020 7395 3400 ,"https://c.yell.com/t_bigSquare,f_auto/d0f10657-df10-4061-89a0-165cd2c92a48_image_jpeg.jpg"
Trafalgar Hotel,"2 Spring Gardens, London, SW1A 2TS",hilton.com,020 7870 2900 ,"https://c.yell.com/t_bigRect,f_auto/92a736e0-1f9e-49cb-8152-c8b1e5d52580_image_jpeg.jpg"
www.athensplazaluxurysapartments.com,"57 Trafalgar Square, London, WC2N 5DU",athensplazaluxurysapartments.com,0800 030 4238 ,"https://c.yell.com/t_bigSquare,f_auto/ebaef735-fa8d-407e-809d-387981237177_image_jpeg.jpg"
Amistad Hotel Marketing Partnership Ltd,"Golden Cross House Duncannon St, London, WC2N 4JF",amistadpartners.com,020 7484 5000 ,"https://c.yell.com/t_bigSquare,f_auto/79cfc872-c72d-4b5e-9fb3-bb997a7ecc67_image_jpeg.jpg"
Club Quarters,"8 Northumberland Avenue, London, WC2N 5BY",clubquarters.com,020 7839 9333 ,"https://c.yell.com/t_bigRect,f_auto/3cdffb2d-0249-443b-9582-1a254b6a1c08_image_jpeg.jpg"
Hub By Premier Inn London Covent Garden,"110 St. Martin's Lane, London, WC2N 4BA",premierinn.com,0333 321 3104 ,"https://c.yell.com/t_bigRect,f_auto/e5b0a43b-e7a1-44fa-b9ee-ac62376fe08f_image_jpeg.jpg"
Corinthia Hotel,"Whitehall Place, London, SW1A 2BD",corinthialondon.com,020 7930 8181 ,"https://c.yell.com/t_bigSquare,f_auto/63bc2cb2-584f-4ea3-8a2f-02f4448d7fc6_image_jpeg.jpg"
Thistle Hotel Trafalgar,"Whitcomb St, Trafalgar Square, London, WC2H 7HG",thistle.com,020 7925 7000 ,https://c.yell.com//searchfe/yframe/yelldotcom/default/_yframe/min/images/yell-dummy.png
Amba Charing Cross Hotel,"38 Craven St, London, WC2N 5NG",amba-hotel.com,020 7839 7282 ,https://c.yell.com//searchfe/yframe/yelldotcom/default/_yframe/min/images/yell-dummy.png
The Savoy Hotel,"100 Savoy Court, Westminster, London, WC2R 0EZ",thesavoylondon.com,020 7836 4343 ,"https://c.yell.com/t_bigRect,f_auto/e8fe8eaa-a485-4dbb-9eae-88d9bf591d6e_image_jpeg.jpg"
Club Quarters Trafalgar Square,"8 Northumberland Avenue, London, WC2N 5BY",,0845 4566399 ,https://c.yell.com//searchfe/yframe/yelldotcom/default/_yframe/min/images/yell-dummy.png
Radisson Blu Edwardian Hampshire,"31-36 Leicester Square, London, WC2H 7LH",radissonhotels.com,020 7839 9399 ,"https://c.yell.com/t_bigRect,f_auto/f9ea61d9-f995-4c8a-a67e-7b235a40253b_image_jpeg.jpg"
W Hotel,"10 Wardour Street, London, W1D 6QF",wlondon.co.uk,020 7758 1000 ,"https://c.yell.com/t_bigSquare,f_auto/e8f03cab-93fb-497c-9cfe-3c92ce01f067_image_jpeg.jpg"
"The Corinthia Hotel Ltd,","10 Northumberland Avenue, London, WC2N 5AE",corinthia.com,0843 8161328 ,https://c.yell.com//searchfe/yframe/yelldotcom/default/_yframe/min/images/yell-dummy.png
Amistad Partners,"Trafalgar Square, London, WC2N 5DU",amistadpartners.com,020 7946 0835 ,https://c.yell.com//searchfe/yframe/yelldotcom/default/_yframe/min/images/yell-dummy.png
Radisson Blue Edwardian Leicester Square,"3-6 St. Martins St, London, WC2H 7HL",radissonedwardian.com,020 7930 8641 ,"https://c.yell.com/t_bigSquare,f_auto/ffd59d96-02d7-4752-94a9-85406282335d_image_jpeg.jpg"
Citadines Apart'hotel Trafalgar,"18-21, Northumberland Avenue, London, WC2N 5EA",,0845 4566399 ,https://c.yell.com//searchfe/yframe/yelldotcom/default/_yframe/min/images/yell-dummy.png
The Grand at Trafalgar Square,"8 Northumberland Avenue, London, WC2N 5BY",,0845 0805104 ,https://c.yell.com//searchfe/yframe/yelldotcom/default/_yframe/min/images/yell-dummy.png
The Londoner Hotel,"38 Leicester Square, West End, London, WC2H 7DX",thelondoner.com,020 7451 0102 ,"https://c.yell.com/t_bigRect,f_auto/3eff60e3-33f4-4eb1-bbd5-f4b08361f532_image_jpeg.jpg"
The Nadler,"51 Bedford Street, London, WC2R 0PZ",nadlerhotels.com,020 3146 1790 ,"https://c.yell.com/t_bigSquare,f_auto/67987973-f6ec-4b5b-b92d-71a1216ea530_image_jpeg.jpg"
Amhurst Hotel,"45 Amhurst Park, London, N16 5DL",amhursthotel.co.uk,020 3597 3113 ,"https://c.yell.com/t_bigSquare,f_auto/792afeb9-b97c-46a9-b5a9-26c10f42adc7_image_jpeg.jpg"
Aron Guest House Ltd,"27 South Ealing Rd, London, W5 4QT",aronguesthouse.co.uk,07947 127778 ,"https://c.yell.com/t_bigRect,f_auto/198e04cd-2a8f-4ea1-aae9-a0307b6cdd71_image_jpeg.jpg"
Amhurst Hotel,"45 Amhurst Park, London, N16 5DL",amhursthotel.co.uk,020 7101 2135 ,"https://c.yell.com/t_bigSquare,f_auto/792afeb9-b97c-46a9-b5a9-26c10f42adc7_image_jpeg.jpg"
Snoozebox Holdings plc,"60 Trafalgar Square, London, WC2N 5DS",snoozebox.com,03450 920174 ,"https://c.yell.com/t_bigSquare,f_auto/53b92708-9632-473b-b1f8-8a7557e303c3_image_jpeg.jpg"
St Martin's Lane Hotel London,"45 St. Martin's Lane, London, WC2N 4HX",sbe.com,020 7300 5500 ,https://c.yell.com//searchfe/yframe/yelldotcom/default/_yframe/min/images/yell-dummy.png
ME London,"336-337 Strand, London, WC2R 1HA",mebymelia.com,020 7395 3400 ,"https://c.yell.com/t_bigSquare,f_auto/d0f10657-df10-4061-89a0-165cd2c92a48_image_jpeg.jpg"
Trafalgar Hotel,"2 Spring Gardens, London, SW1A 2TS",hilton.com,020 7870 2900 ,"https://c.yell.com/t_bigRect,f_auto/92a736e0-1f9e-49cb-8152-c8b1e5d52580_image_jpeg.jpg"
www.athensplazaluxurysapartments.com,"57 Trafalgar Square, London, WC2N 5DU",athensplazaluxurysapartments.com,0800 030 4238 ,"https://c.yell.com/t_bigSquare,f_auto/ebaef735-fa8d-407e-809d-387981237177_image_jpeg.jpg"
Amistad Hotel Marketing Partnership Ltd,"Golden Cross House Duncannon St, London, WC2N 4JF",amistadpartners.com,020 7484 5000 ,"https://c.yell.com/t_bigSquare,f_auto/79cfc872-c72d-4b5e-9fb3-bb997a7ecc67_image_jpeg.jpg"
Club Quarters,"8 Northumberland Avenue, London, WC2N 5BY",clubquarters.com,020 7839 9333 ,"https://c.yell.com/t_bigRect,f_auto/3cdffb2d-0249-443b-9582-1a254b6a1c08_image_jpeg.jpg"
Hub By Premier Inn London Covent Garden,"110 St. Martin's Lane, London, WC2N 4BA",premierinn.com,0333 321 3104 ,"https://c.yell.com/t_bigRect,f_auto/e5b0a43b-e7a1-44fa-b9ee-ac62376fe08f_image_jpeg.jpg"
Corinthia Hotel,"Whitehall Place, London, SW1A 2BD",corinthialondon.com,020 7930 8181 ,"https://c.yell.com/t_bigSquare,f_auto/63bc2cb2-584f-4ea3-8a2f-02f4448d7fc6_image_jpeg.jpg"
Thistle Hotel Trafalgar,"Whitcomb St, Trafalgar Square, London, WC2H 7HG",thistle.com,020 7925 7000 ,https://c.yell.com//searchfe/yframe/yelldotcom/default/_yframe/min/images/yell-dummy.png
Amba Charing Cross Hotel,"38 Craven St, London, WC2N 5NG",amba-hotel.com,020 7839 7282 ,https://c.yell.com//searchfe/yframe/yelldotcom/default/_yframe/min/images/yell-dummy.png
The Savoy Hotel,"100 Savoy Court, Westminster, London, WC2R 0EZ",thesavoylondon.com,020 7836 4343 ,"https://c.yell.com/t_bigRect,f_auto/e8fe8eaa-a485-4dbb-9eae-88d9bf591d6e_image_jpeg.jpg"
Club Quarters Trafalgar Square,"8 Northumberland Avenue, London, WC2N 5BY",,0845 4566399 ,https://c.yell.com//searchfe/yframe/yelldotcom/default/_yframe/min/images/yell-dummy.png
Radisson Blu Edwardian Hampshire,"31-36 Leicester Square, London, WC2H 7LH",radissonhotels.com,020 7839 9399 ,"https://c.yell.com/t_bigRect,f_auto/f9ea61d9-f995-4c8a-a67e-7b235a40253b_image_jpeg.jpg"
W Hotel,"10 Wardour Street, London, W1D 6QF",wlondon.co.uk,020 7758 1000 ,"https://c.yell.com/t_bigSquare,f_auto/e8f03cab-93fb-497c-9cfe-3c92ce01f067_image_jpeg.jpg"
"The Corinthia Hotel Ltd,","10 Northumberland Avenue, London, WC2N 5AE",corinthia.com,0843 8161328 ,https://c.yell.com//searchfe/yframe/yelldotcom/default/_yframe/min/images/yell-dummy.png
Amistad Partners,"Trafalgar Square, London, WC2N 5DU",amistadpartners.com,020 7946 0835 ,https://c.yell.com//searchfe/yframe/yelldotcom/default/_yframe/min/images/yell-dummy.png
Radisson Blue Edwardian Leicester Square,"3-6 St. Martins St, London, WC2H 7HL",radissonedwardian.com,020 7930 8641 ,"https://c.yell.com/t_bigSquare,f_auto/ffd59d96-02d7-4752-94a9-85406282335d_image_jpeg.jpg"
Citadines Apart'hotel Trafalgar,"18-21, Northumberland Avenue, London, WC2N 5EA",,0845 4566399 ,https://c.yell.com//searchfe/yframe/yelldotcom/default/_yframe/min/images/yell-dummy.png
The Grand at Trafalgar Square,"8 Northumberland Avenue, London, WC2N 5BY",,0845 0805104 ,https://c.yell.com//searchfe/yframe/yelldotcom/default/_yframe/min/images/yell-dummy.png
The Londoner Hotel,"38 Leicester Square, West End, London, WC2H 7DX",thelondoner.com,020 7451 0102 ,"https://c.yell.com/t_bigRect,f_auto/3eff60e3-33f4-4eb1-bbd5-f4b08361f532_image_jpeg.jpg"
The Nadler,"51 Bedford Street, London, WC2R 0PZ",nadlerhotels.com,020 3146 1790 ,"https://c.yell.com/t_bigSquare,f_auto/67987973-f6ec-4b5b-b92d-71a1216ea530_image_jpeg.jpg"
